Measure,Segmentation,Template,Intensity,Label_1
SegVolume,sub-111_ses-1_acq-sb2_mod-r1hz_mask-mgn_hem-l_rat-opx_calc-bin_out.nii.gz,-,-,63.12501
SegVolume,sub-112_ses-1_acq-sb2_mod-r1hz_orient-std_brain_mask-mgn_hem-l_rat-aax_calc-bin_out.nii.gz,-,-,110.25
SegVolume,sub-113_ses-1_acq-sb2_mod-r1hz_orient-std_brain_mask-mgn_hem-l_rat-aax_calc-bin_out.nii.gz,-,-,72.25
SegVolume,sub-114_ses-1_acq-sb2_mod-r1hz_orient-std_brain_mask-mgn_hem-l_rat-aax_calc-bin_out.nii.gz,-,-,65.0
SegVolume,sub-115_ses-1_acq-sb2_mod-r1hz_orient-std_brain_mask-mgn_hem-l_rat-aax_calc-bin_out.nii.gz,-,-,69.125
SegVolume,sub-116_ses-1_acq-sb2_mod-r1hz_orient-std_brain_mask-mgn_hem-l_rat-aax_calc-bin_out.nii.gz,-,-,35.625
SegVolume,sub-117_ses-1_acq-sb2_mod-r1hz_orient-std_brain_mask-mgn_hem-l_rat-aax_calc-bin_out.nii.gz,-,-,118.5
SegVolume,sub-118_ses-1_acq-sb2_mod-r1hz_orient-std_brain_mask-mgn_hem-l_rat-aax_calc-bin_out.nii.gz,-,-,87.375
SegVolume,sub-119_ses-1_acq-sb2_mod-r1hz_orient-std_brain_mask-mgn_hem-l_rat-aax_calc-bin_out.nii.gz,-,-,62.375
SegVolume,sub-120_ses-1_acq-sb2_mod-r1hz_orient-std_brain_mask-mgn_hem-l_rat-aax_calc-bin_out.nii.gz,-,-,47.625
SegVolume,sub-000_ses-1_acq-sb2_mod-r1hz_mask-mgn_hem-l_rat-aax_calc-bin_out.nii.gz,-,-,86.625
SegVolume,sub-112_ses-1_acq-sb2_mod-r1hz_orient-std_brain_mask-mgn_hem-l_rat-aax_calc-bin_out.nii.gz,-,-,110.25
SegVolume,sub-113_ses-1_acq-sb2_mod-r1hz_orient-std_brain_mask-mgn_hem-l_rat-aax_calc-bin_out.nii.gz,-,-,72.25
SegVolume,sub-114_ses-1_acq-sb2_mod-r1hz_orient-std_brain_mask-mgn_hem-l_rat-aax_calc-bin_out.nii.gz,-,-,65.0
SegVolume,sub-115_ses-1_acq-sb2_mod-r1hz_orient-std_brain_mask-mgn_hem-l_rat-aax_calc-bin_out.nii.gz,-,-,69.125
SegVolume,sub-117_ses-1_acq-sb2_mod-r1hz_orient-std_brain_mask-mgn_hem-l_rat-aax_calc-bin_out.nii.gz,-,-,118.5
SegVolume,sub-118_ses-1_acq-sb2_mod-r1hz_orient-std_brain_mask-mgn_hem-l_rat-aax_calc-bin_out.nii.gz,-,-,87.375
SegVolume,sub-119_ses-1_acq-sb2_mod-r1hz_orient-std_brain_mask-mgn_hem-l_rat-aax_calc-bin_out.nii.gz,-,-,62.375
SegVolume,sub-120_ses-1_acq-sb2_mod-r1hz_orient-std_brain_mask-mgn_hem-l_rat-aax_calc-bin_out.nii.gz,-,-,47.625
SegVolume,sub-000_ses-1_acq-sb2_mod-r1hz_mask-mgn_hem-l_rat-aax_calc-bin_out.nii.gz,-,-,86.625
 
RefVolume,-,sub-111_ses-1_acq-sb2_mod-r1hz_orient-std_brain_mask-mgn_hem-l_rat-jfa_calc-bin_out.nii.gz,-,53.75001
RefVolume,-,sub-112_ses-1_acq-sb2_mod-r1hz_mask-mgn_hem-l_rat-opx_calc-bin_out.nii.gz,-,97.5
RefVolume,-,sub-113_ses-1_acq-sb2_mod-r1hz_orient-std_brain_mask-mgn_hem-l_rat-jfa_calc-bin_out.nii.gz,-,70.75
RefVolume,-,sub-114_ses-1_acq-sb2_mod-r1hz_mask-mgn_hem-l_rat-opx_calc-bin_out.nii.gz,-,106.25
RefVolume,-,sub-115_ses-1_acq-sb2_mod-r1hz_orient-std_brain_mask-mgn_hem-l_rat-jfa_calc-bin_out.nii.gz,-,52.75
RefVolume,-,sub-116_ses-1_acq-sb2_mod-r1hz_orient-std_brain_mask-mgn_hem-l_rat-jfa_calc-bin_out.nii.gz,-,54.625
RefVolume,-,sub-117_ses-1_acq-sb2_mod-r1hz_mask-mgn_hem-l_rat-opx_calc-bin_out.nii.gz,-,176.875
RefVolume,-,sub-118_ses-1_acq-sb2_mod-r1hz_orient-std_brain_mask-mgn_hem-l_rat-jfa_calc-bin_out.nii.gz,-,90.25
RefVolume,-,sub-119_ses-1_acq-sb2_mod-r1hz_orient-std_brain_mask-mgn_hem-l_rat-jfa_calc-bin_out.nii.gz,-,73.625
RefVolume,-,sub-120_ses-1_acq-sb2_mod-r1hz_orient-std_brain_mask-mgn_hem-l_rat-jfa_calc-bin_out.nii.gz,-,86.75
RefVolume,-,sub-000_ses-1_acq-sb2_mod-r1hz_orient-std_brain_mask-mgn_hem-l_rat-jfa_calc-bin_out.nii.gz,-,86.625
RefVolume,-,sub-112_ses-1_acq-sb2_mod-r1hz_mask-mgn_hem-l_rat-opx_calc-bin_out.nii.gz,-,97.5
RefVolume,-,sub-113_ses-1_acq-sb2_mod-r1hz_mask-mgn_hem-l_rat-opx_calc-bin_out.nii.gz,-,99.25
RefVolume,-,sub-114_ses-1_acq-sb2_mod-r1hz_mask-mgn_hem-l_rat-opx_calc-bin_out.nii.gz,-,106.25
RefVolume,-,sub-115_ses-1_acq-sb2_mod-r1hz_mask-mgn_hem-l_rat-opx_calc-bin_out.nii.gz,-,49.75
RefVolume,-,sub-117_ses-1_acq-sb2_mod-r1hz_mask-mgn_hem-l_rat-opx_calc-bin_out.nii.gz,-,176.875
RefVolume,-,sub-118_ses-1_acq-sb2_mod-r1hz_mask-mgn_hem-l_rat-opx_calc-bin_out.nii.gz,-,114.375
RefVolume,-,sub-119_ses-1_acq-sb2_mod-r1hz_mask-mgn_hem-l_rat-opx_calc-bin_out.nii.gz,-,75.125
RefVolume,-,sub-120_ses-1_acq-sb2_mod-r1hz_mask-mgn_hem-l_rat-opx_calc-bin_out.nii.gz,-,109.5
RefVolume,-,sub-000_ses-1_acq-sb2_mod-r1hz_orient-std_brain_mask-mgn_hem-l_rat-jfa_calc-bin_out.nii.gz,-,86.625
 
Volume_difference,sub-111_ses-1_acq-sb2_mod-r1hz_mask-mgn_hem-l_rat-opx_calc-bin_out.nii.gz,sub-111_ses-1_acq-sb2_mod-r1hz_orient-std_brain_mask-mgn_hem-l_rat-jfa_calc-bin_out.nii.gz,-,0.17441857
Volume_difference,sub-112_ses-1_acq-sb2_mod-r1hz_orient-std_brain_mask-mgn_hem-l_rat-aax_calc-bin_out.nii.gz,sub-112_ses-1_acq-sb2_mod-r1hz_mask-mgn_hem-l_rat-opx_calc-bin_out.nii.gz,-,0.13076925
Volume_difference,sub-113_ses-1_acq-sb2_mod-r1hz_orient-std_brain_mask-mgn_hem-l_rat-aax_calc-bin_out.nii.gz,sub-113_ses-1_acq-sb2_mod-r1hz_orient-std_brain_mask-mgn_hem-l_rat-jfa_calc-bin_out.nii.gz,-,0.021201372
Volume_difference,sub-114_ses-1_acq-sb2_mod-r1hz_orient-std_brain_mask-mgn_hem-l_rat-aax_calc-bin_out.nii.gz,sub-114_ses-1_acq-sb2_mod-r1hz_mask-mgn_hem-l_rat-opx_calc-bin_out.nii.gz,-,0.38823527
Volume_difference,sub-115_ses-1_acq-sb2_mod-r1hz_orient-std_brain_mask-mgn_hem-l_rat-aax_calc-bin_out.nii.gz,sub-115_ses-1_acq-sb2_mod-r1hz_orient-std_brain_mask-mgn_hem-l_rat-jfa_calc-bin_out.nii.gz,-,0.3104266
Volume_difference,sub-116_ses-1_acq-sb2_mod-r1hz_orient-std_brain_mask-mgn_hem-l_rat-aax_calc-bin_out.nii.gz,sub-116_ses-1_acq-sb2_mod-r1hz_orient-std_brain_mask-mgn_hem-l_rat-jfa_calc-bin_out.nii.gz,-,0.34782606
Volume_difference,sub-117_ses-1_acq-sb2_mod-r1hz_orient-std_brain_mask-mgn_hem-l_rat-aax_calc-bin_out.nii.gz,sub-117_ses-1_acq-sb2_mod-r1hz_mask-mgn_hem-l_rat-opx_calc-bin_out.nii.gz,-,0.33003533
Volume_difference,sub-118_ses-1_acq-sb2_mod-r1hz_orient-std_brain_mask-mgn_hem-l_rat-aax_calc-bin_out.nii.gz,sub-118_ses-1_acq-sb2_mod-r1hz_orient-std_brain_mask-mgn_hem-l_rat-jfa_calc-bin_out.nii.gz,-,0.03185594
Volume_difference,sub-119_ses-1_acq-sb2_mod-r1hz_orient-std_brain_mask-mgn_hem-l_rat-aax_calc-bin_out.nii.gz,sub-119_ses-1_acq-sb2_mod-r1hz_orient-std_brain_mask-mgn_hem-l_rat-jfa_calc-bin_out.nii.gz,-,0.15280133
Volume_difference,sub-120_ses-1_acq-sb2_mod-r1hz_orient-std_brain_mask-mgn_hem-l_rat-aax_calc-bin_out.nii.gz,sub-120_ses-1_acq-sb2_mod-r1hz_orient-std_brain_mask-mgn_hem-l_rat-jfa_calc-bin_out.nii.gz,-,0.45100862
Volume_difference,sub-000_ses-1_acq-sb2_mod-r1hz_mask-mgn_hem-l_rat-aax_calc-bin_out.nii.gz,sub-000_ses-1_acq-sb2_mod-r1hz_orient-std_brain_mask-mgn_hem-l_rat-jfa_calc-bin_out.nii.gz,-,-0.0
Volume_difference,sub-112_ses-1_acq-sb2_mod-r1hz_orient-std_brain_mask-mgn_hem-l_rat-aax_calc-bin_out.nii.gz,sub-112_ses-1_acq-sb2_mod-r1hz_mask-mgn_hem-l_rat-opx_calc-bin_out.nii.gz,-,0.13076925
Volume_difference,sub-113_ses-1_acq-sb2_mod-r1hz_orient-std_brain_mask-mgn_hem-l_rat-aax_calc-bin_out.nii.gz,sub-113_ses-1_acq-sb2_mod-r1hz_mask-mgn_hem-l_rat-opx_calc-bin_out.nii.gz,-,0.2720403
Volume_difference,sub-114_ses-1_acq-sb2_mod-r1hz_orient-std_brain_mask-mgn_hem-l_rat-aax_calc-bin_out.nii.gz,sub-114_ses-1_acq-sb2_mod-r1hz_mask-mgn_hem-l_rat-opx_calc-bin_out.nii.gz,-,0.38823527
Volume_difference,sub-115_ses-1_acq-sb2_mod-r1hz_orient-std_brain_mask-mgn_hem-l_rat-aax_calc-bin_out.nii.gz,sub-115_ses-1_acq-sb2_mod-r1hz_mask-mgn_hem-l_rat-opx_calc-bin_out.nii.gz,-,0.3894472
Volume_difference,sub-117_ses-1_acq-sb2_mod-r1hz_orient-std_brain_mask-mgn_hem-l_rat-aax_calc-bin_out.nii.gz,sub-117_ses-1_acq-sb2_mod-r1hz_mask-mgn_hem-l_rat-opx_calc-bin_out.nii.gz,-,0.33003533
Volume_difference,sub-118_ses-1_acq-sb2_mod-r1hz_orient-std_brain_mask-mgn_hem-l_rat-aax_calc-bin_out.nii.gz,sub-118_ses-1_acq-sb2_mod-r1hz_mask-mgn_hem-l_rat-opx_calc-bin_out.nii.gz,-,0.23606557
Volume_difference,sub-119_ses-1_acq-sb2_mod-r1hz_orient-std_brain_mask-mgn_hem-l_rat-aax_calc-bin_out.nii.gz,sub-119_ses-1_acq-sb2_mod-r1hz_mask-mgn_hem-l_rat-opx_calc-bin_out.nii.gz,-,0.16971713
Volume_difference,sub-120_ses-1_acq-sb2_mod-r1hz_orient-std_brain_mask-mgn_hem-l_rat-aax_calc-bin_out.nii.gz,sub-120_ses-1_acq-sb2_mod-r1hz_mask-mgn_hem-l_rat-opx_calc-bin_out.nii.gz,-,0.5650685
Volume_difference,sub-000_ses-1_acq-sb2_mod-r1hz_mask-mgn_hem-l_rat-aax_calc-bin_out.nii.gz,sub-000_ses-1_acq-sb2_mod-r1hz_orient-std_brain_mask-mgn_hem-l_rat-jfa_calc-bin_out.nii.gz,-,-0.0
 
Dice_overlap,sub-111_ses-1_acq-sb2_mod-r1hz_mask-mgn_hem-l_rat-opx_calc-bin_out.nii.gz,sub-111_ses-1_acq-sb2_mod-r1hz_orient-std_brain_mask-mgn_hem-l_rat-jfa_calc-bin_out.nii.gz,-,0.6224599
Dice_overlap,sub-112_ses-1_acq-sb2_mod-r1hz_orient-std_brain_mask-mgn_hem-l_rat-aax_calc-bin_out.nii.gz,sub-112_ses-1_acq-sb2_mod-r1hz_mask-mgn_hem-l_rat-opx_calc-bin_out.nii.gz,-,0.7015644
Dice_overlap,sub-113_ses-1_acq-sb2_mod-r1hz_orient-std_brain_mask-mgn_hem-l_rat-aax_calc-bin_out.nii.gz,sub-113_ses-1_acq-sb2_mod-r1hz_orient-std_brain_mask-mgn_hem-l_rat-jfa_calc-bin_out.nii.gz,-,0.756993
Dice_overlap,sub-114_ses-1_acq-sb2_mod-r1hz_orient-std_brain_mask-mgn_hem-l_rat-aax_calc-bin_out.nii.gz,sub-114_ses-1_acq-sb2_mod-r1hz_mask-mgn_hem-l_rat-opx_calc-bin_out.nii.gz,-,0.6510949
Dice_overlap,sub-115_ses-1_acq-sb2_mod-r1hz_orient-std_brain_mask-mgn_hem-l_rat-aax_calc-bin_out.nii.gz,sub-115_ses-1_acq-sb2_mod-r1hz_orient-std_brain_mask-mgn_hem-l_rat-jfa_calc-bin_out.nii.gz,-,0.63179487
Dice_overlap,sub-116_ses-1_acq-sb2_mod-r1hz_orient-std_brain_mask-mgn_hem-l_rat-aax_calc-bin_out.nii.gz,sub-116_ses-1_acq-sb2_mod-r1hz_orient-std_brain_mask-mgn_hem-l_rat-jfa_calc-bin_out.nii.gz,-,0.45152354
Dice_overlap,sub-117_ses-1_acq-sb2_mod-r1hz_orient-std_brain_mask-mgn_hem-l_rat-aax_calc-bin_out.nii.gz,sub-117_ses-1_acq-sb2_mod-r1hz_mask-mgn_hem-l_rat-opx_calc-bin_out.nii.gz,-,0.70926785
Dice_overlap,sub-118_ses-1_acq-sb2_mod-r1hz_orient-std_brain_mask-mgn_hem-l_rat-aax_calc-bin_out.nii.gz,sub-118_ses-1_acq-sb2_mod-r1hz_orient-std_brain_mask-mgn_hem-l_rat-jfa_calc-bin_out.nii.gz,-,0.79380715
Dice_overlap,sub-119_ses-1_acq-sb2_mod-r1hz_orient-std_brain_mask-mgn_hem-l_rat-aax_calc-bin_out.nii.gz,sub-119_ses-1_acq-sb2_mod-r1hz_orient-std_brain_mask-mgn_hem-l_rat-jfa_calc-bin_out.nii.gz,-,0.7242647
Dice_overlap,sub-120_ses-1_acq-sb2_mod-r1hz_orient-std_brain_mask-mgn_hem-l_rat-aax_calc-bin_out.nii.gz,sub-120_ses-1_acq-sb2_mod-r1hz_orient-std_brain_mask-mgn_hem-l_rat-jfa_calc-bin_out.nii.gz,-,0.6734884
Dice_overlap,sub-000_ses-1_acq-sb2_mod-r1hz_mask-mgn_hem-l_rat-aax_calc-bin_out.nii.gz,sub-000_ses-1_acq-sb2_mod-r1hz_orient-std_brain_mask-mgn_hem-l_rat-jfa_calc-bin_out.nii.gz,-,0.64646465
Dice_overlap,sub-112_ses-1_acq-sb2_mod-r1hz_orient-std_brain_mask-mgn_hem-l_rat-aax_calc-bin_out.nii.gz,sub-112_ses-1_acq-sb2_mod-r1hz_mask-mgn_hem-l_rat-opx_calc-bin_out.nii.gz,-,0.7015644
Dice_overlap,sub-113_ses-1_acq-sb2_mod-r1hz_orient-std_brain_mask-mgn_hem-l_rat-aax_calc-bin_out.nii.gz,sub-113_ses-1_acq-sb2_mod-r1hz_mask-mgn_hem-l_rat-opx_calc-bin_out.nii.gz,-,0.6749271
Dice_overlap,sub-114_ses-1_acq-sb2_mod-r1hz_orient-std_brain_mask-mgn_hem-l_rat-aax_calc-bin_out.nii.gz,sub-114_ses-1_acq-sb2_mod-r1hz_mask-mgn_hem-l_rat-opx_calc-bin_out.nii.gz,-,0.6510949
Dice_overlap,sub-115_ses-1_acq-sb2_mod-r1hz_orient-std_brain_mask-mgn_hem-l_rat-aax_calc-bin_out.nii.gz,sub-115_ses-1_acq-sb2_mod-r1hz_mask-mgn_hem-l_rat-opx_calc-bin_out.nii.gz,-,0.6098843
Dice_overlap,sub-117_ses-1_acq-sb2_mod-r1hz_orient-std_brain_mask-mgn_hem-l_rat-aax_calc-bin_out.nii.gz,sub-117_ses-1_acq-sb2_mod-r1hz_mask-mgn_hem-l_rat-opx_calc-bin_out.nii.gz,-,0.70926785
Dice_overlap,sub-118_ses-1_acq-sb2_mod-r1hz_orient-std_brain_mask-mgn_hem-l_rat-aax_calc-bin_out.nii.gz,sub-118_ses-1_acq-sb2_mod-r1hz_mask-mgn_hem-l_rat-opx_calc-bin_out.nii.gz,-,0.7657993
Dice_overlap,sub-119_ses-1_acq-sb2_mod-r1hz_orient-std_brain_mask-mgn_hem-l_rat-aax_calc-bin_out.nii.gz,sub-119_ses-1_acq-sb2_mod-r1hz_mask-mgn_hem-l_rat-opx_calc-bin_out.nii.gz,-,0.38363636
Dice_overlap,sub-120_ses-1_acq-sb2_mod-r1hz_orient-std_brain_mask-mgn_hem-l_rat-aax_calc-bin_out.nii.gz,sub-120_ses-1_acq-sb2_mod-r1hz_mask-mgn_hem-l_rat-opx_calc-bin_out.nii.gz,-,0.5361973
Dice_overlap,sub-000_ses-1_acq-sb2_mod-r1hz_mask-mgn_hem-l_rat-aax_calc-bin_out.nii.gz,sub-000_ses-1_acq-sb2_mod-r1hz_orient-std_brain_mask-mgn_hem-l_rat-jfa_calc-bin_out.nii.gz,-,0.64646465
 
Dilated_Dice_overlap,sub-111_ses-1_acq-sb2_mod-r1hz_mask-mgn_hem-l_rat-opx_calc-bin_out.nii.gz,sub-111_ses-1_acq-sb2_mod-r1hz_orient-std_brain_mask-mgn_hem-l_rat-jfa_calc-bin_out.nii.gz,-,0.86096257
Dilated_Dice_overlap,sub-112_ses-1_acq-sb2_mod-r1hz_orient-std_brain_mask-mgn_hem-l_rat-aax_calc-bin_out.nii.gz,sub-112_ses-1_acq-sb2_mod-r1hz_mask-mgn_hem-l_rat-opx_calc-bin_out.nii.gz,-,0.9482551
Dilated_Dice_overlap,sub-113_ses-1_acq-sb2_mod-r1hz_orient-std_brain_mask-mgn_hem-l_rat-aax_calc-bin_out.nii.gz,sub-113_ses-1_acq-sb2_mod-r1hz_orient-std_brain_mask-mgn_hem-l_rat-jfa_calc-bin_out.nii.gz,-,0.96503496
Dilated_Dice_overlap,sub-114_ses-1_acq-sb2_mod-r1hz_orient-std_brain_mask-mgn_hem-l_rat-aax_calc-bin_out.nii.gz,sub-114_ses-1_acq-sb2_mod-r1hz_mask-mgn_hem-l_rat-opx_calc-bin_out.nii.gz,-,0.88175184
Dilated_Dice_overlap,sub-115_ses-1_acq-sb2_mod-r1hz_orient-std_brain_mask-mgn_hem-l_rat-aax_calc-bin_out.nii.gz,sub-115_ses-1_acq-sb2_mod-r1hz_orient-std_brain_mask-mgn_hem-l_rat-jfa_calc-bin_out.nii.gz,-,0.9015385
Dilated_Dice_overlap,sub-116_ses-1_acq-sb2_mod-r1hz_orient-std_brain_mask-mgn_hem-l_rat-aax_calc-bin_out.nii.gz,sub-116_ses-1_acq-sb2_mod-r1hz_orient-std_brain_mask-mgn_hem-l_rat-jfa_calc-bin_out.nii.gz,-,0.7437673
Dilated_Dice_overlap,sub-117_ses-1_acq-sb2_mod-r1hz_orient-std_brain_mask-mgn_hem-l_rat-aax_calc-bin_out.nii.gz,sub-117_ses-1_acq-sb2_mod-r1hz_mask-mgn_hem-l_rat-opx_calc-bin_out.nii.gz,-,0.91366905
Dilated_Dice_overlap,sub-118_ses-1_acq-sb2_mod-r1hz_orient-std_brain_mask-mgn_hem-l_rat-aax_calc-bin_out.nii.gz,sub-118_ses-1_acq-sb2_mod-r1hz_orient-std_brain_mask-mgn_hem-l_rat-jfa_calc-bin_out.nii.gz,-,0.96903586
Dilated_Dice_overlap,sub-119_ses-1_acq-sb2_mod-r1hz_orient-std_brain_mask-mgn_hem-l_rat-aax_calc-bin_out.nii.gz,sub-119_ses-1_acq-sb2_mod-r1hz_orient-std_brain_mask-mgn_hem-l_rat-jfa_calc-bin_out.nii.gz,-,0.94393384
Dilated_Dice_overlap,sub-120_ses-1_acq-sb2_mod-r1hz_orient-std_brain_mask-mgn_hem-l_rat-aax_calc-bin_out.nii.gz,sub-120_ses-1_acq-sb2_mod-r1hz_orient-std_brain_mask-mgn_hem-l_rat-jfa_calc-bin_out.nii.gz,-,0.8893023
Dilated_Dice_overlap,sub-112_ses-1_acq-sb2_mod-r1hz_orient-std_brain_mask-mgn_hem-l_rat-aax_calc-bin_out.nii.gz,sub-112_ses-1_acq-sb2_mod-r1hz_mask-mgn_hem-l_rat-opx_calc-bin_out.nii.gz,-,0.9482551
Dilated_Dice_overlap,sub-113_ses-1_acq-sb2_mod-r1hz_orient-std_brain_mask-mgn_hem-l_rat-aax_calc-bin_out.nii.gz,sub-113_ses-1_acq-sb2_mod-r1hz_mask-mgn_hem-l_rat-opx_calc-bin_out.nii.gz,-,0.9351312
Dilated_Dice_overlap,sub-114_ses-1_acq-sb2_mod-r1hz_orient-std_brain_mask-mgn_hem-l_rat-aax_calc-bin_out.nii.gz,sub-114_ses-1_acq-sb2_mod-r1hz_mask-mgn_hem-l_rat-opx_calc-bin_out.nii.gz,-,0.88175184
Dilated_Dice_overlap,sub-115_ses-1_acq-sb2_mod-r1hz_orient-std_brain_mask-mgn_hem-l_rat-aax_calc-bin_out.nii.gz,sub-115_ses-1_acq-sb2_mod-r1hz_mask-mgn_hem-l_rat-opx_calc-bin_out.nii.gz,-,0.8559411
Dilated_Dice_overlap,sub-117_ses-1_acq-sb2_mod-r1hz_orient-std_brain_mask-mgn_hem-l_rat-aax_calc-bin_out.nii.gz,sub-117_ses-1_acq-sb2_mod-r1hz_mask-mgn_hem-l_rat-opx_calc-bin_out.nii.gz,-,0.91366905
Dilated_Dice_overlap,sub-118_ses-1_acq-sb2_mod-r1hz_orient-std_brain_mask-mgn_hem-l_rat-aax_calc-bin_out.nii.gz,sub-118_ses-1_acq-sb2_mod-r1hz_mask-mgn_hem-l_rat-opx_calc-bin_out.nii.gz,-,0.95105326
Dilated_Dice_overlap,sub-119_ses-1_acq-sb2_mod-r1hz_orient-std_brain_mask-mgn_hem-l_rat-aax_calc-bin_out.nii.gz,sub-119_ses-1_acq-sb2_mod-r1hz_mask-mgn_hem-l_rat-opx_calc-bin_out.nii.gz,-,0.63272727
Dilated_Dice_overlap,sub-120_ses-1_acq-sb2_mod-r1hz_orient-std_brain_mask-mgn_hem-l_rat-aax_calc-bin_out.nii.gz,sub-120_ses-1_acq-sb2_mod-r1hz_mask-mgn_hem-l_rat-opx_calc-bin_out.nii.gz,-,0.74542564
 
Average_surface_distance,sub-111_ses-1_acq-sb2_mod-r1hz_mask-mgn_hem-l_rat-opx_calc-bin_out.nii.gz,sub-111_ses-1_acq-sb2_mod-r1hz_orient-std_brain_mask-mgn_hem-l_rat-jfa_calc-bin_out.nii.gz,-,1.0389388
Average_surface_distance,sub-112_ses-1_acq-sb2_mod-r1hz_orient-std_brain_mask-mgn_hem-l_rat-aax_calc-bin_out.nii.gz,sub-112_ses-1_acq-sb2_mod-r1hz_mask-mgn_hem-l_rat-opx_calc-bin_out.nii.gz,-,0.8496048
Average_surface_distance,sub-113_ses-1_acq-sb2_mod-r1hz_orient-std_brain_mask-mgn_hem-l_rat-aax_calc-bin_out.nii.gz,sub-113_ses-1_acq-sb2_mod-r1hz_orient-std_brain_mask-mgn_hem-l_rat-jfa_calc-bin_out.nii.gz,-,0.66675
Average_surface_distance,sub-114_ses-1_acq-sb2_mod-r1hz_orient-std_brain_mask-mgn_hem-l_rat-aax_calc-bin_out.nii.gz,sub-114_ses-1_acq-sb2_mod-r1hz_mask-mgn_hem-l_rat-opx_calc-bin_out.nii.gz,-,1.1574079
Average_surface_distance,sub-115_ses-1_acq-sb2_mod-r1hz_orient-std_brain_mask-mgn_hem-l_rat-aax_calc-bin_out.nii.gz,sub-115_ses-1_acq-sb2_mod-r1hz_orient-std_brain_mask-mgn_hem-l_rat-jfa_calc-bin_out.nii.gz,-,1.0032338
Average_surface_distance,sub-116_ses-1_acq-sb2_mod-r1hz_orient-std_brain_mask-mgn_hem-l_rat-aax_calc-bin_out.nii.gz,sub-116_ses-1_acq-sb2_mod-r1hz_orient-std_brain_mask-mgn_hem-l_rat-jfa_calc-bin_out.nii.gz,-,1.513813
Average_surface_distance,sub-117_ses-1_acq-sb2_mod-r1hz_orient-std_brain_mask-mgn_hem-l_rat-aax_calc-bin_out.nii.gz,sub-117_ses-1_acq-sb2_mod-r1hz_mask-mgn_hem-l_rat-opx_calc-bin_out.nii.gz,-,1.0093853
Average_surface_distance,sub-118_ses-1_acq-sb2_mod-r1hz_orient-std_brain_mask-mgn_hem-l_rat-aax_calc-bin_out.nii.gz,sub-118_ses-1_acq-sb2_mod-r1hz_orient-std_brain_mask-mgn_hem-l_rat-jfa_calc-bin_out.nii.gz,-,0.65240955
Average_surface_distance,sub-119_ses-1_acq-sb2_mod-r1hz_orient-std_brain_mask-mgn_hem-l_rat-aax_calc-bin_out.nii.gz,sub-119_ses-1_acq-sb2_mod-r1hz_orient-std_brain_mask-mgn_hem-l_rat-jfa_calc-bin_out.nii.gz,-,0.7631018
Average_surface_distance,sub-120_ses-1_acq-sb2_mod-r1hz_orient-std_brain_mask-mgn_hem-l_rat-aax_calc-bin_out.nii.gz,sub-120_ses-1_acq-sb2_mod-r1hz_orient-std_brain_mask-mgn_hem-l_rat-jfa_calc-bin_out.nii.gz,-,0.9919557
Average_surface_distance,sub-000_ses-1_acq-sb2_mod-r1hz_mask-mgn_hem-l_rat-aax_calc-bin_out.nii.gz,sub-000_ses-1_acq-sb2_mod-r1hz_orient-std_brain_mask-mgn_hem-l_rat-jfa_calc-bin_out.nii.gz,-,1.1555343
Average_surface_distance,sub-112_ses-1_acq-sb2_mod-r1hz_orient-std_brain_mask-mgn_hem-l_rat-aax_calc-bin_out.nii.gz,sub-112_ses-1_acq-sb2_mod-r1hz_mask-mgn_hem-l_rat-opx_calc-bin_out.nii.gz,-,0.8496048
Average_surface_distance,sub-113_ses-1_acq-sb2_mod-r1hz_orient-std_brain_mask-mgn_hem-l_rat-aax_calc-bin_out.nii.gz,sub-113_ses-1_acq-sb2_mod-r1hz_mask-mgn_hem-l_rat-opx_calc-bin_out.nii.gz,-,0.91288763
Average_surface_distance,sub-114_ses-1_acq-sb2_mod-r1hz_orient-std_brain_mask-mgn_hem-l_rat-aax_calc-bin_out.nii.gz,sub-114_ses-1_acq-sb2_mod-r1hz_mask-mgn_hem-l_rat-opx_calc-bin_out.nii.gz,-,1.1574079
Average_surface_distance,sub-115_ses-1_acq-sb2_mod-r1hz_orient-std_brain_mask-mgn_hem-l_rat-aax_calc-bin_out.nii.gz,sub-115_ses-1_acq-sb2_mod-r1hz_mask-mgn_hem-l_rat-opx_calc-bin_out.nii.gz,-,1.0888871
Average_surface_distance,sub-117_ses-1_acq-sb2_mod-r1hz_orient-std_brain_mask-mgn_hem-l_rat-aax_calc-bin_out.nii.gz,sub-117_ses-1_acq-sb2_mod-r1hz_mask-mgn_hem-l_rat-opx_calc-bin_out.nii.gz,-,1.0093853
Average_surface_distance,sub-118_ses-1_acq-sb2_mod-r1hz_orient-std_brain_mask-mgn_hem-l_rat-aax_calc-bin_out.nii.gz,sub-118_ses-1_acq-sb2_mod-r1hz_mask-mgn_hem-l_rat-opx_calc-bin_out.nii.gz,-,0.7665601
Average_surface_distance,sub-119_ses-1_acq-sb2_mod-r1hz_orient-std_brain_mask-mgn_hem-l_rat-aax_calc-bin_out.nii.gz,sub-119_ses-1_acq-sb2_mod-r1hz_mask-mgn_hem-l_rat-opx_calc-bin_out.nii.gz,-,1.9763793
Average_surface_distance,sub-120_ses-1_acq-sb2_mod-r1hz_orient-std_brain_mask-mgn_hem-l_rat-aax_calc-bin_out.nii.gz,sub-120_ses-1_acq-sb2_mod-r1hz_mask-mgn_hem-l_rat-opx_calc-bin_out.nii.gz,-,1.7795538
Average_surface_distance,sub-000_ses-1_acq-sb2_mod-r1hz_mask-mgn_hem-l_rat-aax_calc-bin_out.nii.gz,sub-000_ses-1_acq-sb2_mod-r1hz_orient-std_brain_mask-mgn_hem-l_rat-jfa_calc-bin_out.nii.gz,-,1.1555343
 
